Name,Setting,Key,Value,Type,Data,Enabled,Service,Template
Control Event Log behavior when the log file reaches its maximum size (Application),Disabled,Software\Policies\Microsoft\Windows\EventLog\Application,Retention,String,0,TRUE,EventLog,
Specify the maximum log file size (KB) (Application),"Enabled: 32,768",Software\Policies\Microsoft\Windows\EventLog\Application,MaxSize,DWord,32768,TRUE,EventLog,
Control Event Log behavior when the log file reaches its maximum size (Security),Disabled,Software\Policies\Microsoft\Windows\EventLog\Security,Retention,String,0,TRUE,EventLog,
Specify the maximum log file size (KB) (Security),"Enabled: 196,608",Software\Policies\Microsoft\Windows\EventLog\Security,MaxSize,DWord,1024000,TRUE,EventLog,
Control Event Log behavior when the log file reaches its maximum size (Setup),Disabled,Software\Policies\Microsoft\Windows\EventLog\Setup,Retention,String,0,TRUE,EventLog,
Specify the maximum log file size (KB) (Setup),"Enabled: 32,768",Software\Policies\Microsoft\Windows\EventLog\Setup,MaxSize,DWord,32768,TRUE,EventLog,
Control Event Log behavior when the log file reaches its maximum size (System),Disabled,Software\Policies\Microsoft\Windows\EventLog\System,Retention,String,0,TRUE,EventLog,
Specify the maximum log file size (KB) (System),"Enabled: 32,768",Software\Policies\Microsoft\Windows\EventLog\System,MaxSize,DWord,32768,TRUE,EventLog,
Minimum SSL version enabled,Enabled: TLS 1.2,Software\Policies\Mozilla\Firefox,SSLVersionMin,String,tls1.2,TRUE,Firefox,firefox
Extension Update,Disabled,Software\Policies\Mozilla\Firefox,ExtensionUpdate,DWord,0,TRUE,Firefox,firefox
Disable Form History,Enabled,Software\Policies\Mozilla\Firefox,DisableFormHistory,DWord,1,TRUE,Firefox,firefox
Password Manager,Disabled,Software\Policies\Mozilla\Firefox,PasswordManagerEnabled,DWord,0,TRUE,Firefox,firefox
Block pop-ups from websites,Enabled,Software\Policies\Mozilla\Firefox\PopupBlocking,Default,DWord,1,TRUE,Firefox,firefox
Do not allow preferences to be changed (Pop-up blocking),Enabled,Software\Policies\Mozilla\Firefox\PopupBlocking,Locked,DWord,1,TRUE,Firefox,firefox
Allow add-on installs from websites,Disabled,Software\Policies\Mozilla\Firefox\InstallAddonsPermission,Default,DWord,0,TRUE,Firefox,firefox
Disable Telemetry,Enabled,Software\Policies\Mozilla\Firefox,DisableTelemetry,DWord,1,TRUE,Firefox,firefox
Disable Developer Tools,Enabled,Software\Policies\Mozilla\Firefox,DisableDeveloperTools,DWord,1,TRUE,Firefox,firefox
Disable Forget Button,Enabled,Software\Policies\Mozilla\Firefox,DisableForgetButton,DWord,1,TRUE,Firefox,firefox
Disable Private Browsing,Enabled,Software\Policies\Mozilla\Firefox,DisablePrivateBrowsing,DWord,1,TRUE,Firefox,firefox
Search Suggestions,Disabled,Software\Policies\Mozilla\Firefox,SearchSuggestEnabled,DWord,0,TRUE,Firefox,firefox
Default autoplay level,Enabled: Block Audio and Video,Software\Policies\Mozilla\Firefox\Permissions\Autoplay,Default,String,block-audio-video,TRUE,Firefox,firefox
Do not allow preferences to be changed (Autoplay),Enabled,Software\Policies\Mozilla\Firefox\Permissions\Autoplay,Locked,DWord,1,TRUE,Firefox,firefox
Network Prediction,Disabled,Software\Policies\Mozilla\Firefox,NetworkPrediction,DWord,0,TRUE,Firefox,firefox
Fingerprinting (Protection),Enabled,Software\Policies\Mozilla\Firefox\EnableTrackingProtection,Fingerprinting,DWord,1,TRUE,Firefox,firefox
Cryptomining (Protection),Enabled,Software\Policies\Mozilla\Firefox\EnableTrackingProtection,Cryptomining,DWord,1,TRUE,Firefox,firefox
TLS_RSA_WITH_3DES_EDE_CBC_SHA,Enabled,Software\Policies\Mozilla\Firefox\DisabledCiphers,TLS_RSA_WITH_3DES_EDE_CBC_SHA,DWord,1,TRUE,Firefox,firefox
Extension Recommendations,Disabled,Software\Policies\Mozilla\Firefox\UserMessaging,ExtensionRecommendations,DWord,0,TRUE,Firefox,firefox
Customize Firefox Home (Search),Disabled,Software\Policies\Mozilla\Firefox\FirefoxHome,Search,DWord,0,TRUE,Firefox,firefox
Customize Firefox Home (Top Sites),Disabled,Software\Policies\Mozilla\Firefox\FirefoxHome,TopSites,DWord,0,TRUE,Firefox,firefox
Customize Firefox Home (Sponsored Top Sites),Disabled,Software\Policies\Mozilla\Firefox\FirefoxHome,SponsoredTopSites,DWord,0,TRUE,Firefox,firefox
Customize Firefox Home (Recommended by Pocket),Disabled,Software\Policies\Mozilla\Firefox\FirefoxHome,Pocket,DWord,0,TRUE,Firefox,firefox
Customize Firefox Home (Sponsored Pocket Stories),Disabled,Software\Policies\Mozilla\Firefox\FirefoxHome,SponsoredPocket,DWord,0,TRUE,Firefox,firefox
Customize Firefox Home (Download History),Disabled,Software\Policies\Mozilla\Firefox\FirefoxHome,Highlights,DWord,0,TRUE,Firefox,firefox
Customize Firefox Home (Snippets),Disabled,Software\Policies\Mozilla\Firefox\FirefoxHome,Snippets,DWord,0,TRUE,Firefox,firefox
Customize Firefox Home (Do not allow settings to be changed),Enabled,Software\Policies\Mozilla\Firefox\FirefoxHome,Locked,DWord,1,TRUE,Firefox,firefox
Enabled (DNS over HTTPS),Disabled,Software\Policies\Mozilla\Firefox\DNSOverHTTPS,Enabled,DWord,0,TRUE,Firefox,firefox
Disable Firefox Accounts,Enabled,Software\Policies\Mozilla\Firefox,DisableFirefoxAccounts,DWord,1,TRUE,Firefox,firefox
Disable Feedback Commands,Enabled,Software\Policies\Mozilla\Firefox,DisableFeedbackCommands,DWord,1,TRUE,Firefox,firefox
Enable Encrypted Media Extensions,Disabled,Software\Policies\Mozilla\Firefox\EncryptedMediaExtensions,Enabled,Dword,0,TRUE,Firefox,firefox
Lock Encrypted Media Extensions,Enabled,Software\Policies\Mozilla\Firefox\EncryptedMediaExtensions,Locked,DWord,1,TRUE,Firefox,firefox
Cache (Clear data when the browser is closed),Disabled,Software\Policies\Mozilla\Firefox\SanitizeOnShutdown,Cache,DWord,0,TRUE,Firefox,firefox
Cookies (Clear data when the browser is closed),Disabled,Software\Policies\Mozilla\Firefox\SanitizeOnShutdown,Cookies,DWord,0,TRUE,Firefox,firefox
Download History (Clear data when the browser is closed),Disabled,Software\Policies\Mozilla\Firefox\SanitizeOnShutdown,Downloads,DWord,0,TRUE,Firefox,firefox
Form & Search History (Clear data when the browser is closed),Disabled,Software\Policies\Mozilla\Firefox\SanitizeOnShutdown,FormData,DWord,0,TRUE,Firefox,firefox
Browsing History (Clear data when the browser is closed),Disabled,Software\Policies\Mozilla\Firefox\SanitizeOnShutdown,History,DWord,0,TRUE,Firefox,firefox
Active Logins (Clear data when the browser is closed),Disabled,Software\Policies\Mozilla\Firefox\SanitizeOnShutdown,Sessions,DWord,0,TRUE,Firefox,firefox
Site Preferences (Clear data when the browser is closed),Disabled,Software\Policies\Mozilla\Firefox\SanitizeOnShutdown,SiteSettings,DWord,0,TRUE,Firefox,firefox
Offline Website Data (Clear data when the browser is closed),Disabled,Software\Policies\Mozilla\Firefox\SanitizeOnShutdown,OfflineApps,DWord,0,TRUE,Firefox,firefox
Locked (Clear data when the browser is closed),Enabled,Software\Policies\Mozilla\Firefox\SanitizeOnShutdown,Locked,DWord,1,TRUE,Firefox,firefox
Configure Windows Defender SmartScreen (Edge),Enabled,Software\Policies\Microsoft\MicrosoftEdge\PhishingFilter,EnabledV9,DWord,1,TRUE,MSEdge,
Prevent bypassing Windows Defender SmartScreen prompts for sites,Enabled,Software\Policies\Microsoft\MicrosoftEdge\PhishingFilter,PreventOverride,DWord,1,TRUE,MSEdge,
Prevent bypassing Windows Defender SmartScreen prompts for files,Enabled,Software\Policies\Microsoft\MicrosoftEdge\PhishingFilter,PreventOverrideAppRepUnknown,DWord,1,TRUE,MSEdge,
Configure Password Manager,Disabled,Software\Policies\Microsoft\MicrosoftEdge\Main,FormSuggest Passwords,String,no,TRUE,MSEdge,
Prevent certificate error overrides,Enabled,Software\Policies\Microsoft\MicrosoftEdge\Internet Settings,PreventCertErrorOverrides,DWord,1,TRUE,MSEdge,
Turn on PowerShell Script Block Logging,Enabled,Software\Policies\Microsoft\Windows\PowerShell\ScriptBlockLogging,EnableScriptBlockLogging,DWord,1,TRUE,PowerShell,
Turn on PowerShell Transcription,Enabled,Software\Policies\Microsoft\Windows\PowerShell\Transcription,EnableTranscripting,DWord,1,TRUE,PowerShell,
Do not allow passwords to be saved,Enabled,Software\Policies\Microsoft\Windows NT\Terminal Services,DisablePasswordSaving,DWord,1,TRUE,RDP,
Do not allow COM port redirection,Enabled,Software\Policies\Microsoft\Windows NT\Terminal Services,fDisableCcm,DWord,1,TRUE,RDP,
Do not allow drive redirection,Enabled,Software\Policies\Microsoft\Windows NT\Terminal Services,fDisableCdm,DWord,1,TRUE,RDP,
Do not allow LPT port redirection,Enabled,Software\Policies\Microsoft\Windows NT\Terminal Services,fDisableLPT,DWord,1,TRUE,RDP,
Do not allow supported Plug and Play device redirection,Enabled,Software\Policies\Microsoft\Windows NT\Terminal Services,fDisablePNPRedir,DWord,1,TRUE,RDP,
Always prompt for password upon connection,Enabled,Software\Policies\Microsoft\Windows NT\Terminal Services,fPromptForPassword,DWord,1,TRUE,RDP,
Require secure RPC communication,Enabled,Software\Policies\Microsoft\Windows NT\Terminal Services,fEncryptRPCTraffic,DWord,1,TRUE,RDP,
Require use of specific security layer for remote (RDP) connections,Enabled: SSL,Software\Policies\Microsoft\Windows NT\Terminal Services,SecurityLayer,DWord,2,TRUE,RDP,
Require user authentication for remote connections by using Network Level Authentication,Enabled,Software\Policies\Microsoft\Windows NT\Terminal Services,UserAuthentication,DWord,1,TRUE,RDP,
Set client connection encryption level,Enabled: High Level,Software\Policies\Microsoft\Windows NT\Terminal Services,MinEncryptionLevel,DWord,3,TRUE,RDP,
Set time limit for active but idle Remote Desktop Services sessions,Enabled: 10 minutes,Software\Policies\Microsoft\Windows NT\Terminal Services,MaxIdleTime,DWord,600000,TRUE,RDP,
Set time limit for disconnected sessions,Enabled: 1 minute,Software\Policies\Microsoft\Windows NT\Terminal Services,MaxDisconnectionTime,DWord,60000,TRUE,RDP,
Do not delete temp folders upon exit,Disabled,Software\Policies\Microsoft\Windows NT\Terminal Services,DeleteTempDirsOnExit,DWord,1,TRUE,RDP,
Allow users to connect remotely using Remote Desktop Services,Disabled,Software\Policies\Microsoft\Windows NT\Terminal Services,fDenyTSConnections,DWord,1,TRUE,RDPOff,
Allow users to connect remotely using Remote Desktop Services,Enabled,Software\Policies\Microsoft\Windows NT\Terminal Services,fDenyTSConnections,DWord,0,TRUE,RDPOn,
Configure SMB v1 client driver,Enabled: Disable driver,System\CurrentControlSet\Services\MrxSmb10,Start,DWord,4,TRUE,SMBv1,SecGuide
Configure SMB v1 server,Disabled,System\CurrentControlSet\Services\LanmanServer\Parameters,SMB1,DWord,0,TRUE,SMBv1,SecGuide
Join Microsoft MAPS,Enabled: Advanced MAPS,Software\Policies\Microsoft\Windows Defender\Spynet,SpynetReporting,DWord,2,TRUE,WinDefender,
Send file samples when further analysis is required,Enabled: Send safe samples,Software\Policies\Microsoft\Windows Defender\Spynet,SubmitSamplesConsent,DWord,1,TRUE,WinDefender,
Prevent users and apps from accessing dangerous websites,Enabled: Block,Software\Policies\Microsoft\Windows Defender\Windows Defender Exploit Guard\Network Protection,EnableNetworkProtection,DWord,1,TRUE,WinDefender,
Enable file hash computation feature,Enabled,Software\Policies\Microsoft\Windows Defender\MpEngine,EnableFileHashComputation,DWord,1,TRUE,WinDefender,
Scan all downloaded files and attachments,Enabled,Software\Policies\Microsoft\Windows Defender\Real-Time Protection,DisableIOAVProtection,DWord,0,TRUE,WinDefender,
Turn off real-time protection,Disabled,Software\Policies\Microsoft\Windows Defender\Real-Time Protection,DisableRealtimeMonitoring,DWord,0,TRUE,WinDefender,
Turn on behavior monitoring,Enabled,Software\Policies\Microsoft\Windows Defender\Real-Time Protection,DisableBehaviorMonitoring,DWord,0,TRUE,WinDefender,
Turn on script scanning,Enabled,Software\Policies\Microsoft\Windows Defender\Real-Time Protection,DisableScriptScanning,DWord,0,TRUE,WinDefender,
Configure Watson events,Disabled,Software\Policies\Microsoft\Microsoft Antimalware\Reporting,DisableGenericReports,DWord,1,TRUE,WinDefender,
Scan removable drives,Enabled,Software\Policies\Microsoft\Windows Defender\Scan,DisableRemovableDriveScanning,DWord,0,TRUE,WinDefender,
Turn on e-mail scanning,Enabled,Software\Policies\Microsoft\Windows Defender\Scan,DisableEmailScanning,DWord,0,TRUE,WinDefender,
Configure detection for potentially unwanted applications,Enabled: Block,Software\Policies\Microsoft\Windows Defender,PUAProtection,DWord,1,TRUE,WinDefender,
Turn off Microsoft Defender Antivirus,Not Configured,Software\Policies\Microsoft\Windows Defender,DisableAntiSpyware,Remove,,TRUE,WinDefender,
Configure Windows Defender SmartScreen,Enabled,Software\Policies\Microsoft\Windows\System,EnableSmartScreen,DWord,1,TRUE,WinDefender,
Configure Windows Defender SmartScreen (Level),Warn and prevent bypass,Software\Policies\Microsoft\Windows\System,ShellSmartScreenLevel,String,Block,TRUE,WinDefender,
Prevent users from modifying settings,Enabled,Software\Policies\Microsoft\Windows Defender Security Center\App and Browser protection,DisallowExploitProtectionOverride,DWord,1,TRUE,WinDefender,
Turn off routine remediation,Disabled,Software\Policies\Microsoft\Windows Defender,DisableRoutinelyTakingAction,DWord,0,TRUE,WinDefender,
Turn off Auto Exclusions,Disabled,Software\Policies\Microsoft\Windows Defender\Exclusions,DisableAutoExclusions,DWord,0,TRUE,WinDefender,
Configure the Block at First Sight Feature,Enabled,Software\Policies\Microsoft\Windows Defender\Spynet,DisableBlockAtFirstSeen,DWord,0,TRUE,WinDefender,
Turn on protocol recognition,Enabled,Software\Policies\Microsoft\Windows Defender\NIS,DisableProtocolRecognition,DWord,0,TRUE,WinDefender,
Configure local setting override for reporting to Microsoft MAPS,Disabled,Software\Policies\Microsoft\Windows Defender\Spynet,LocalSettingOverrideSpynetReporting,DWord,0,TRUE,WinDefender,
Configure local setting override for monitoring file and program activity on your computer,Disabled,Software\Policies\Microsoft\Windows Defender\Real-Time Protection,LocalSettingOverrideDisableOnAccessProtection,DWord,0,TRUE,WinDefender,
Configure local setting override for monitoring for incoming and outgoing file activity,Disabled,Software\Policies\Microsoft\Windows Defender\Real-Time Protection,LocalSettingOverrideRealtimeScanDirection,DWord,0,TRUE,WinDefender,
Configure local setting override for scanning all downloaded files and attachments,Disabled,Software\Policies\Microsoft\Windows Defender\Real-Time Protection,LocalSettingOverrideDisableIOAVProtection,DWord,0,TRUE,WinDefender,
Configure local setting override for turn on behavior monitoring,Disabled,Software\Policies\Microsoft\Windows Defender\Real-Time Protection,LocalSettingOverrideDisableBehaviorMonitoring,DWord,0,TRUE,WinDefender,
Configure local setting override to turn on real-time protection,Disabled,Software\Policies\Microsoft\Windows Defender\Real-Time Protection,LocalSettingOverrideDisableRealtimeMonitoring,DWord,0,TRUE,WinDefender,
Configure monitoring for incoming and outgoing file and program activity,Disabled,Software\Policies\Microsoft\Windows Defender\Real-Time Protection,RealtimeScanDirection,DWord,0,TRUE,WinDefender,
Monitor file and program activity on your computer,Enabled,Software\Policies\Microsoft\Windows Defender\Real-Time Protection,DisableOnAccessProtection,DWord,0,TRUE,WinDefender,
Turn on process scanning whenever real-time protection is enabled,Enabled,Software\Policies\Microsoft\Windows Defender\Real-Time Protection,DisableScanOnRealtimeEnable,DWord,0,TRUE,WinDefender,
Scan archive files,Enabled,Software\Policies\Microsoft\Windows Defender\Scan,DisableArchiveScanning,DWord,0,TRUE,WinDefender,
Specify the day of the week to run a scheduled scan,Enabled: Every Day,Software\Policies\Microsoft\Windows Defender\Scan,ScheduleDay,DWord,0,TRUE,WinDefender,
Define the number of days before spyware definitions are considered out of date,Enabled: 7,Software\Policies\Microsoft\Windows Defender\Signature Updates,ASSignatureDue,DWord,7,TRUE,WinDefender,
Define the number of days before virus definitions are considered out of date,Enabled: 7,Software\Policies\Microsoft\Windows Defender\Signature Updates,AVSignatureDue,DWord,7,TRUE,WinDefender,
Specify the day of the week to check for definition updates,Enabled: Every Day,Software\Policies\Microsoft\Windows Defender\Signature Updates,ScheduleDay,DWord,0,TRUE,WinDefender,
Specify threat alert levels at which default action should not be taken when detected,"Enabled: Threat level 1, action 2",Software\Policies\Microsoft\Windows Defender\Threats\ThreatSeverityDefaultAction,1,String,2,TRUE,WinDefender,
Specify threat alert levels at which default action should not be taken when detected,"Enabled: Threat level 2, action 2",Software\Policies\Microsoft\Windows Defender\Threats\ThreatSeverityDefaultAction,2,String,2,TRUE,WinDefender,
Specify threat alert levels at which default action should not be taken when detected,"Enabled: Threat level 4, action 2",Software\Policies\Microsoft\Windows Defender\Threats\ThreatSeverityDefaultAction,4,String,2,TRUE,WinDefender,
Specify threat alert levels at which default action should not be taken when detected,"Enabled: Threat level 5, action 2",Software\Policies\Microsoft\Windows Defender\Threats\ThreatSeverityDefaultAction,5,String,2,TRUE,WinDefender,
Configure Attack Surface Reduction rules,Enabled: Block executable content from email and webmail,Software\Policies\Microsoft\Windows Defender\Windows Defender Exploit Guard\ASR\Rules,BE9BA2D9-53EA-4CDC-84E5-9B1EEEE46550,String,1,TRUE,WinDefender,
Configure Attack Surface Reduction rules,Enabled: Block Office applications from creating child processes,Software\Policies\Microsoft\Windows Defender\Windows Defender Exploit Guard\ASR\Rules,D4F940AB-401B-4EFC-AADC-AD5F3C50688A,String,1,TRUE,WinDefender,
Configure Attack Surface Reduction rules,Enabled: Block Office applications from creating executable content,Software\Policies\Microsoft\Windows Defender\Windows Defender Exploit Guard\ASR\Rules,3B576869-A4EC-4529-8536-B80A7769E899,String,1,TRUE,WinDefender,
Configure Attack Surface Reduction rules,Enabled: Block Office applications from injecting into other processes,Software\Policies\Microsoft\Windows Defender\Windows Defender Exploit Guard\ASR\Rules,75668C1F-73B5-4CF0-BB93-3ECF5CB7CC84,String,1,TRUE,WinDefender,
Configure Attack Surface Reduction rules,Enabled: Impede JavaScript and VBScript to launch executables,Software\Policies\Microsoft\Windows Defender\Windows Defender Exploit Guard\ASR\Rules,D3E037E1-3EB8-44C8-A917-57927947596D,String,1,TRUE,WinDefender,
Configure Attack Surface Reduction rules,Enabled: Block Execution of potentially obfuscated scripts,Software\Policies\Microsoft\Windows Defender\Windows Defender Exploit Guard\ASR\Rules,5BEB7EFE-FD9A-4556-801D-275E5FFC04CC,String,1,TRUE,WinDefender,
Configure Attack Surface Reduction rules,Enabled: Block Win32 imports from macro code in Office,Software\Policies\Microsoft\Windows Defender\Windows Defender Exploit Guard\ASR\Rules,92E97FA1-2EDF-4476-BDD6-9DD0B4DDDC7B,String,1,TRUE,WinDefender,
Allow Basic authentication (Client),Disabled,Software\Policies\Microsoft\Windows\WinRM\Client,AllowBasic,DWord,0,TRUE,WinRM,
Allow unencrypted traffic (Client),Disabled,Software\Policies\Microsoft\Windows\WinRM\Client,AllowUnencryptedTraffic,DWord,0,TRUE,WinRM,
Disallow Digest authentication,Enabled,Software\Policies\Microsoft\Windows\WinRM\Client,AllowDigest,DWord,0,TRUE,WinRM,
Allow Basic authentication (Service),Disabled,Software\Policies\Microsoft\Windows\WinRM\Service,AllowBasic,DWord,0,TRUE,WinRM,
Allow remote server management through WinRM,Disabled,Software\Policies\Microsoft\Windows\WinRM\Service,AllowAutoConfig,DWord,0,TRUE,WinRM,
Allow unencrypted traffic (Service),Disabled,Software\Policies\Microsoft\Windows\WinRM\Service,AllowUnencryptedTraffic,DWord,0,TRUE,WinRM,
Disallow WinRM from storing RunAs credentials,Enabled,Software\Policies\Microsoft\Windows\WinRM\Service,DisableRunAs,DWord,1,TRUE,WinRM,
Allow Remote Shell Access,Disabled,Software\Policies\Microsoft\Windows\WinRM\Service\WinRS,AllowRemoteShellAccess,DWord,0,TRUE,WinRM,
Download Mode,Enabled: HTTP only,Software\Policies\Microsoft\Windows\DeliveryOptimization,DODownloadMode,DWord,0,TRUE,WinUpdate,
No auto-restart with logged on users for scheduled automatic updates installations,Enabled,Software\Policies\Microsoft\Windows\WindowsUpdate\AU,NoAutoRebootWithLoggedOnUsers,DWord,1,TRUE,WinUpdate,
Configure Automatic Updates,Enabled,Software\Policies\Microsoft\Windows\WindowsUpdate\AU,NoAutoUpdate,DWord,0,TRUE,WinUpdate,
Configure Automatic Updates: Scheduled install day,0 - Every day,Software\Policies\Microsoft\Windows\WindowsUpdate\AU,ScheduledInstallDay,DWord,0,TRUE,WinUpdate,
Configure Automatic Updates: Install updates for other Microsoft products,Checked,Software\Policies\Microsoft\Windows\WindowsUpdate\AU,AllowMUUpdateService,DWord,1,TRUE,WinUpdate,
"Remove access to ""Pause updates"" feature",Enabled,Software\Policies\Microsoft\Windows\WindowsUpdate,SetDisablePauseUXAccess,DWord,1,TRUE,WinUpdate,
Manage preview builds,Disabled,Software\Policies\Microsoft\Windows\WindowsUpdate,ManagePreviewBuildsPolicyValue,DWord,0,TRUE,WinUpdate,
Select when Quality Updates are received,Enabled,Software\Policies\Microsoft\Windows\WindowsUpdate,DeferQualityUpdates,DWord,1,TRUE,WinUpdate,
Select when Quality Updates are received (Number of days),0 days,Software\Policies\Microsoft\Windows\WindowsUpdate,DeferQualityUpdatesPeriodInDays,DWord,0,TRUE,WinUpdate,
Prevent enabling lock screen camera,Enabled,Software\Policies\Microsoft\Windows\Personalization,NoLockScreenCamera,DWord,1,TRUE,,
Prevent enabling lock screen slide show,Enabled,Software\Policies\Microsoft\Windows\Personalization,NoLockScreenSlideshow,DWord,1,TRUE,,
Allows users to enable online speech recognition services,Disabled,Software\Policies\Microsoft\InputPersonalization,AllowInputPersonalization,DWord,0,TRUE,,
Allow Online Tips,Disabled,Software\Microsoft\Windows\CurrentVersion\Policies\Explorer,AllowOnlineTips,DWord,0,TRUE,,
Turn off multicast name resolution,Enabled,Software\Policies\Microsoft\Windows NT\DNSClient,EnableMulticast,DWord,0,TRUE,,
Enable Font Providers,Disabled,Software\Policies\Microsoft\Windows\System,EnableFontProviders,DWord,0,TRUE,,
Enable insecure guest logons,Disabled,Software\Policies\Microsoft\Windows\LanmanWorkstation,AllowInsecureGuestAuth,DWord,0,TRUE,,
Turn on Mapper I/O (LLTDIO) driver,Disabled,Software\Policies\Microsoft\Windows\LLTD,EnableLLTDIO,DWord,0,TRUE,,
Turn on Responder (RSPNDR) driver,Disabled,Software\Policies\Microsoft\Windows\LLTD,EnableRspndr,DWord,0,TRUE,,
Turn off Microsoft Peer-to-Peer Networking Services,Enabled,Software\Policies\Microsoft\Peernet,Disabled,DWord,1,TRUE,,
Prohibit installation and configuration of Network Bridge on your DNS domain network,Enabled,Software\Policies\Microsoft\Windows\Network Connections,NC_AllowNetBridge_NLA,DWord,0,TRUE,,
Prohibit use of Internet Connection Sharing on your DNS domain network,Enabled,Software\Policies\Microsoft\Windows\Network Connections,NC_ShowSharedAccessUI,DWord,0,TRUE,,
Hardened UNC Paths (Netlogon),Require Mutual Authentication and Require Integrity,Software\Policies\Microsoft\Windows\NetworkProvider\HardenedPaths,\\*\NETLOGON,String,"RequireMutualAuthentication=1, RequireIntegrity=1",TRUE,,
Hardened UNC Paths (Sysvol),Require Mutual Authentication and Require Integrity,Software\Policies\Microsoft\Windows\NetworkProvider\HardenedPaths,\\*\\SYSVOL,String,"RequireMutualAuthentication=1, RequireIntegrity=1",TRUE,,
Configuration of wireless settings using Windows Connect Now,Disabled,Software\Policies\Microsoft\Windows\WCN\Registrars,EnableRegistrars,DWord,0,TRUE,,
Prohibit access of the Windows Connect Now wizards,Enabled,Software\Policies\Microsoft\Windows\WCN\UI,DisableWcnUi,DWord,1,TRUE,,
Minimize the number of simultaneous connections to the Internet or a Windows Domain,Enabled: 1 = Minimize simultaneous connections,Software\Policies\Microsoft\Windows\WcmSvc\GroupPolicy,fMinimizeConnections,DWord,1,TRUE,,
Prohibit connection to non-domain networks when connected to domain authenticated network,Enabled,Software\Policies\Microsoft\Windows\WcmSvc\GroupPolicy,fBlockNonDomain,DWord,1,TRUE,,
"Allow Windows to automatically connect to suggested open hotspots, to networks shared by contacts, and to hotspots offering paid services",Disabled,Software\Microsoft\wcmsvc\wifinetworkmanager\config,AutoConnectAllowedOEM,DWord,0,TRUE,,
Allow Print Spooler to accept client connections,Disabled,Software\Policies\Microsoft\Windows NT\Printers,RegisterSpoolerRemoteRpcEndPoint,DWord,2,TRUE,,
Point and Print Restrictions: When installing drivers for a new connection,Enabled: Show warning and elevation prompt,Software\Policies\Microsoft\Windows NT\Printers\PointAndPrint,NoWarningNoElevationOnInstall,DWord,0,TRUE,,
Point and Print Restrictions: When updating drivers for an existing connection,Enabled: Show warning and elevation prompt,Software\Policies\Microsoft\Windows NT\Printers\PointAndPrint,UpdatePromptSettings,DWord,0,TRUE,,
Turn off notifications network usage,Enabled,Software\Policies\Microsoft\Windows\CurrentVersion\PushNotifications,NoCloudApplicationNotification,DWord,1,TRUE,,
Include command line in process creation events,Enabled,Software\Microsoft\Windows\CurrentVersion\Policies\System\Audit,ProcessCreationIncludeCmdLine_Enabled,DWord,1,TRUE,,
Encryption Oracle Remediation,Enabled: Force Updated Clients,Software\Microsoft\Windows\CurrentVersion\Policies\System\CredSSP\Parameters,AllowEncryptionOracle,DWord,0,TRUE,,
Remote host allows delegation of non-exportable credentials,Enabled,Software\Policies\Microsoft\Windows\CredentialsDelegation,AllowProtectedCreds,DWord,1,TRUE,,
Prevent device metadata retrieval from the Internet,Enabled,Software\Policies\Microsoft\Windows\Device Metadata,PreventDeviceMetadataFromNetwork,DWord,1,TRUE,,
Boot-Start Driver Initialization Policy,"Enabled: Good, unknown and bad but critical",System\CurrentControlSet\Policies\EarlyLaunch,DriverLoadPolicy,DWord,3,TRUE,,
Continue experiences on this device,Disabled,Software\Policies\Microsoft\Windows\System,EnableCdp,DWord,0,TRUE,,
Turn off access to the Store,Enabled,Software\Policies\Microsoft\Windows\Explorer,NoUseStoreOpenWith,DWord,1,TRUE,,
Turn off downloading of print drivers over HTTP,Enabled,Software\Policies\Microsoft\Windows NT\Printers,DisableWebPnPDownload,DWord,1,TRUE,,
Turn off handwriting personalization data sharing,Enabled,Software\Policies\Microsoft\Windows\TabletPC,PreventHandwritingDataSharing,DWord,1,TRUE,,
Turn off handwriting recognition error reporting,Enabled,Software\Policies\Microsoft\Windows\HandwritingErrorReports,PreventHandwritingErrorReports,DWord,1,TRUE,,
Turn off Internet Connection Wizard if URL connection is referring to Microsoft.com,Enabled,Software\Policies\Microsoft\Windows\Internet Connection Wizard,ExitOnMSICW,DWord,1,TRUE,,
Turn off Internet download for Web publishing and online ordering wizards,Enabled,Software\Microsoft\Windows\CurrentVersion\Policies\Explorer,NoWebServices,DWord,1,TRUE,,
Turn off printing over HTTP,Enabled,Software\Policies\Microsoft\Windows NT\Printers,DisableHTTPPrinting,DWord,1,TRUE,,
Turn off Registration if URL connection is referring to Microsoft.com,Enabled,Software\Policies\Microsoft\Windows\Registration Wizard Control,NoRegistration,DWord,1,TRUE,,
Turn off Search Companion content file updates,Enabled,Software\Policies\Microsoft\SearchCompanion,DisableContentFileUpdates,DWord,1,TRUE,,
"Turn off the ""Order Prints"" picture task",Enabled,Software\Microsoft\Windows\CurrentVersion\Policies\Explorer,NoOnlinePrintsWizard,DWord,1,TRUE,,
"Turn off the ""Publish to Web"" task for files and folders",Enabled,Software\Microsoft\Windows\CurrentVersion\Policies\Explorer,NoPublishingWizard,DWord,1,TRUE,,
Turn off the Windows Messenger Customer Experience Improvement Program,Enabled,Software\Policies\Microsoft\Messenger\Client,CEIP,DWord,2,TRUE,,
Turn off Windows Customer Experience Improvement Program,Enabled,Software\Policies\Microsoft\SQMClient\Windows,CEIPEnable,DWord,0,TRUE,,
Turn off Windows Error Reporting (PCHealth),Enabled,Software\Policies\Microsoft\PCHealth\ErrorReporting,DoReport,DWord,0,TRUE,,
Turn off Windows Error Reporting (System),Enabled,Software\Policies\Microsoft\Windows\Windows Error Reporting,Disabled,DWord,1,TRUE,,
Support device authentication using certificate,Enabled,Software\Microsoft\Windows\CurrentVersion\Policies\System\Kerberos\Parameters,DevicePKInitEnabled,DWord,1,TRUE,,
Support device authentication using certificate (Behavior),Automatic,Software\Microsoft\Windows\CurrentVersion\Policies\System\Kerberos\Parameters,DevicePKInitBehavior,DWord,0,TRUE,,
Enumeration policy for external devices incompatible with Kernel DMA Protection,Enabled: Block All,Software\Policies\Microsoft\Windows\Kernel DMA Protection,DeviceEnumerationPolicy,DWord,0,TRUE,,
Disallow copying of user input methods to the system account for sign-in,Enabled,Software\Policies\Microsoft\Control Panel\International,BlockUserInputMethodsForSignIn,DWord,1,TRUE,,
Block user from showing account details on sign-in,Enabled,Software\Policies\Microsoft\Windows\System,BlockUserFromShowingAccountDetailsOnSignin,DWord,1,TRUE,,
Do not display network selection UI,Enabled,Software\Policies\Microsoft\Windows\System,DontDisplayNetworkSelectionUI,DWord,1,TRUE,,
Turn off app notifications on the lock screen,Enabled,Software\Policies\Microsoft\Windows\System,DisableLockScreenAppNotifications,DWord,1,TRUE,,
Turn on convenience PIN sign-in,Disabled,Software\Policies\Microsoft\Windows\System,AllowDomainPINLogon,DWord,0,TRUE,,
Allow Clipboard synchronization across devices,Disabled,Software\Policies\Microsoft\Windows\System,AllowCrossDeviceClipboard,DWord,0,TRUE,,
Allow upload of User Activities,Disabled,Software\Policies\Microsoft\Windows\System,UploadUserActivities,DWord,0,TRUE,,
Allow network connectivity during connected-standby (on battery),Disabled,Software\Policies\Microsoft\Power\PowerSettings\f15576e8-98b7-4186-b944-eafa664402d9,DCSettingIndex,DWord,0,TRUE,,
Allow network connectivity during connected-standby (plugged in),Disabled,Software\Policies\Microsoft\Power\PowerSettings\f15576e8-98b7-4186-b944-eafa664402d9,ACSettingIndex,DWord,0,TRUE,,
Require a Password When a Computer Wakes (On Battery),Enabled,Software\Policies\Microsoft\Power\PowerSettings\0e796bdb-100d-47d6-a2d5-f7d2daa51f51,DCSettingIndex,DWord,1,TRUE,,
Require a password when a computer wakes (plugged in),Enabled,Software\Policies\Microsoft\Power\PowerSettings\0e796bdb-100d-47d6-a2d5-f7d2daa51f51,ACSettingIndex,DWord,1,TRUE,,
Configure Offer Remote Assistance,Disabled,Software\Policies\Microsoft\Windows NT\Terminal Services,fAllowUnsolicited,DWord,0,TRUE,,
Configure Solicited Remote Assistance,Disabled,Software\policies\Microsoft\Windows NT\Terminal Services,fAllowToGetHelp,DWord,0,TRUE,,
Enable RPC Endpoint Mapper Client Authentication,Enabled,Software\Policies\Microsoft\Windows NT\Rpc,EnableAuthEpResolution,DWord,1,TRUE,,
Restrict Unauthenticated RPC clients,Enabled: Authenticated,Software\Policies\Microsoft\Windows NT\Rpc,RestrictRemoteClients,DWord,1,TRUE,,
Microsoft Support Diagnostic Tool: Turn on MSDT interactive communication with support provider,Disabled,Software\Policies\Microsoft\Windows\ScriptedDiagnosticsProvider\Policy,DisableQueryRemoteServer,DWord,0,TRUE,,
Enable/Disable PerfTrack,Disabled,Software\Policies\Microsoft\Windows\WDI\{9c5a40da-b965-4fc3-8781-88dd50a6299d},ScenarioExecutionEnabled,DWord,0,TRUE,,
Turn off the advertising ID,Enabled,Software\Policies\Microsoft\Windows\AdvertisingInfo,DisabledByGroupPolicy,DWord,1,TRUE,,
Allow a Windows app to share application data between users,Disabled,Software\Policies\Microsoft\Windows\CurrentVersion\AppModel\StateManager,AllowSharedLocalAppData,DWord,0,TRUE,,
Prevent non-admin users from installing packaged Windows apps,Enabled,Software\Policies\Microsoft\Windows\Appx,BlockNonAdminUserInstall,DWord,1,TRUE,,
Let Windows apps activate with voice while the system is locked,Enabled: Force Deny,Software\Policies\Microsoft\Windows\AppPrivacy,LetAppsActivateWithVoiceAboveLock,DWord,2,TRUE,,
Turn off Inventory Collector,Enabled,Software\Policies\Microsoft\Windows\AppCompat,DisableInventory,DWord,1,TRUE,,
Allow Microsoft accounts to be optional,Enabled,Software\Microsoft\Windows\CurrentVersion\Policies\System,MSAOptional,DWord,1,TRUE,,
Block launching Universal Windows apps with Windows Runtime API access from hosted content.,Enabled,Software\Microsoft\Windows\CurrentVersion\Policies\System,BlockHostedAppAccessWinRT,DWord,1,TRUE,,
Disallow Autoplay for non-volume devices,Enabled,Software\Policies\Microsoft\Windows\Explorer,NoAutoplayfornonVolume,DWord,1,TRUE,,
Set the default behavior for AutoRun,Enabled: Do not execute any autorun commands,Software\Microsoft\Windows\CurrentVersion\Policies\Explorer,NoAutorun,DWord,1,TRUE,,
Turn off Autoplay,Enabled: All drives,Software\Microsoft\Windows\CurrentVersion\Policies\Explorer,NoDriveTypeAutoRun,DWord,255,TRUE,,
Configure enhanced anti-spoofing,Enabled,Software\Policies\Microsoft\Biometrics\FacialFeatures,EnhancedAntiSpoofing,DWord,1,TRUE,,
Allow Use of Camera,Dsabled,Software\Policies\Microsoft\Camera,AllowCamera,DWord,0,TRUE,,
Turn off cloud optimized content,Enabled,Software\Policies\Microsoft\Windows\CloudContent,DisableCloudOptimizedContent,DWord,1,TRUE,,
Turn off Microsoft consumer experiences,Enabled,Software\Policies\Microsoft\Windows\CloudContent,DisableWindowsConsumerFeatures,DWord,1,TRUE,,
Require pin for pairing,Enabled: Always,Software\Policies\Microsoft\Windows\Connect,RequirePinForPairing,DWord,2,TRUE,,
Do not display the password reveal button,Enabled,Software\Policies\Microsoft\Windows\CredUI,DisablePasswordReveal,DWord,1,TRUE,,
Enumerate administrator accounts on elevation,Disabled,Software\Microsoft\Windows\CurrentVersion\Policies\CredUI,EnumerateAdministrators,DWord,0,TRUE,,
Prevent the use of security questions for local accounts,Enabled,Software\Policies\Microsoft\Windows\System,NoLocalPasswordResetQuestions,DWord,1,TRUE,,
Allow Telemetry,1 - Required,Software\Policies\Microsoft\Windows\DataCollection,AllowTelemetry,DWord,1,TRUE,,
Configure Authenticated Proxy usage for the Connected User Experience and Telemetry service,Enabled: Disable Authenticated Proxy Usage,Software\Policies\Microsoft\Windows\DataCollection,DisableEnterpriseAuthProxy,DWord,1,TRUE,,
Disable OneSettings Downloads,Enabled,Software\Policies\Microsoft\Windows\DataCollection,DisableOneSettingsDownloads,DWord,1,TRUE,,
Do not show feedback notifications,Enabled,Software\Policies\Microsoft\Windows\DataCollection,DoNotShowFeedbackNotifications,DWord,1,TRUE,,
Enable OneSettings Auditing,Enabled,Software\Policies\Microsoft\Windows\DataCollection,EnableOneSettingsAuditing,DWord,1,TRUE,,
Toggle user control over Insider builds,Disabled,Software\Policies\Microsoft\Windows\PreviewBuilds,AllowBuildPreview,DWord,0,TRUE,,
Turn off Data Execution Prevention for Explorer,Disabled,Software\Policies\Microsoft\Windows\Explorer,NoDataExecutionPrevention,DWord,0,TRUE,,
Turn off heap termination on corruption,Disabled,Software\Policies\Microsoft\Windows\Explorer,NoHeapTerminationOnCorruption,DWord,0,TRUE,,
Turn off shell protocol protected mode,Disabled,Software\Microsoft\Windows\CurrentVersion\Policies\Explorer,PreXPSP2ShellProtocolBehavior,DWord,0,TRUE,,
Prevent the computer from joining a homegroup,Enabled,Software\Policies\Microsoft\Windows\HomeGroup,DisableHomeGroup,DWord,1,TRUE,,
Turn off location,Enabled,Software\Policies\Microsoft\Windows\LocationAndSensors,DisableLocation,DWord,1,TRUE,,
Allow Message Service Cloud Sync,Disabled,Software\Policies\Microsoft\Windows\Messaging,AllowMessageSync,DWord,0,TRUE,,
Block all consumer Microsoft account user authentication,Enabled,Software\Policies\Microsoft\MicrosoftAccount,DisableUserAuth,DWord,1,TRUE,,
Enable news and interests on the taskbar,Disabled,Software\Policies\Microsoft\Windows\Windows Feeds,EnableFeeds,DWord,0,TRUE,,
Prevent the usage of OneDrive for file storage,Enabled,Software\Policies\Microsoft\Windows\OneDrive,DisableFileSyncNGSC,DWord,1,TRUE,,
Turn off Push To Install service,Enabled,Software\Policies\Microsoft\PushToInstall,DisablePushToInstall,DWord,1,TRUE,,
Allow UI Automation redirection,Disabled,Software\Policies\Microsoft\Windows NT\Terminal Services,EnableUiaRedirection,DWord,0,TRUE,,
Prevent downloading of enclosures,Enabled,Software\Policies\Microsoft\Internet Explorer\Feeds,DisableEnclosureDownload,DWord,1,TRUE,,
Allow Cloud Search,Enabled: Disable Cloud Search,Software\Policies\Microsoft\Windows\Windows Search,AllowCloudSearch,DWord,0,TRUE,,
Allow Cortana,Disabled,Software\Policies\Microsoft\Windows\Windows Search,AllowCortana,DWord,0,TRUE,,
Allow Cortana above lock screen,Disabled,Software\Policies\Microsoft\Windows\Windows Search,AllowCortanaAboveLock,DWord,0,TRUE,,
Allow indexing of encrypted files,Disabled,Software\Policies\Microsoft\Windows\Windows Search,AllowIndexingEncryptedStoresOrItems,DWord,0,TRUE,,
Allow search and Cortana to use location,Disabled,Software\Policies\Microsoft\Windows\Windows Search,AllowSearchToUseLocation,DWord,0,TRUE,,
Turn off KMS Client Online AVS Validation,Enabled,Software\Policies\Microsoft\Windows NT\CurrentVersion\Software Protection Platform,NoGenTicket,DWord,1,TRUE,,
Disable all apps from Microsoft Store,Disabled,Software\Policies\Microsoft\WindowsStore,DisableStoreApps,DWord,1,TRUE,,
Only display the private store within the Microsoft Store,Enabled,Software\Policies\Microsoft\WindowsStore,RequirePrivateStoreOnly,DWord,1,TRUE,,
Turn off Automatic Download and Install of updates,Disabled,Software\Policies\Microsoft\WindowsStore,AutoDownload,DWord,4,TRUE,,
Turn off the offer to update to the latest version of Windows,Enabled,Software\Policies\Microsoft\WindowsStore,DisableOSUpgrade,DWord,1,TRUE,,
Turn off the Store application,Enabled,Software\Policies\Microsoft\WindowsStore,RemoveWindowsStore,DWord,1,TRUE,,
Allow widgets,Disabled,Software\Policies\Microsoft\Dsh,AllowNewsAndInterests,DWord,0,TRUE,,
Enables or disables Windows Game Recording and Broadcasting,Disabled,Software\Policies\Microsoft\Windows\GameDVR,AllowGameDVR,DWord,0,TRUE,,
Allow suggested apps in Windows Ink Workspace,Disabled,Software\Policies\Microsoft\WindowsInkWorkspace,AllowSuggestedAppsInWindowsInkWorkspace,DWord,0,TRUE,,
Allow Windows Ink Workspace,"Enabled: On, but disallow access above lock",Software\Policies\Microsoft\WindowsInkWorkspace,AllowWindowsInkWorkspace,DWord,1,TRUE,,
Allow user control over installs,Disabled,Software\Policies\Microsoft\Windows\Installer,EnableUserControl,DWord,0,TRUE,,
Always install with elevated privileges,Disabled,Software\Policies\Microsoft\Windows\Installer,AlwaysInstallElevated,DWord,0,TRUE,,
Prevent Internet Explorer security prompt for Windows Installer scripts,Disabled,Software\Policies\Microsoft\Windows\Installer,SafeForScripting,DWord,0,TRUE,,
Sign-in and lock last interactive user automatically after a restart,Disabled,Software\Microsoft\Windows\CurrentVersion\Policies\System,DisableAutomaticRestartSignOn,DWord,1,TRUE,,
Allow clipboard sharing with Windows Sandbox,Disabled,Software\Policies\Microsoft\Windows\Sandbox,AllowClipboardRedirection,DWord,0,TRUE,,
Allow networking in Windows Sandbox,Disabled,Software\Policies\Microsoft\Windows\Sandbox,AllowNetworking,DWord,0,TRUE,,
Turn off toast notifications on the lock screen,Enabled,Software\Policies\Microsoft\Windows\CurrentVersion\PushNotifications,NoToastApplicationNotificationOnLockScreen,DWord,1,TRUE,,
Turn off Help Experience Improvement Program,Enabled,Software\Policies\Microsoft\Assistance\Client\1.0,NoImplicitFeedback,DWord,1,TRUE,,
Do not preserve zone information in file attachments,Disabled,Software\Microsoft\Windows\CurrentVersion\Policies\Attachments,SaveZoneInformation,DWord,2,TRUE,,
Notify antivirus programs when opening attachments,Enabled,Software\Microsoft\Windows\CurrentVersion\Policies\Attachments,ScanWithAntiVirus,DWord,3,TRUE,,
Configure Windows spotlight on lock screen,Disabled,Software\Policies\Microsoft\Windows\CloudContent,ConfigureWindowsSpotlight,DWord,2,TRUE,,
Do not suggest third-party content in Windows spotlight,Enabled,Software\Policies\Microsoft\Windows\CloudContent,DisableThirdPartySuggestions,DWord,1,TRUE,,
Do not use diagnostic data for tailored experiences,Enabled,Software\Policies\Microsoft\Windows\CloudContent,DisableTailoredExperiencesWithDiagnosticData,DWord,1,TRUE,,
Turn off all Windows spotlight features,Enabled,Software\Policies\Microsoft\Windows\CloudContent,DisableWindowsSpotlightFeatures,DWord,1,TRUE,,
Turn off Spotlight collection on Desktop,Enabled,Software\Policies\Microsoft\Windows\CloudContent,DisableSpotlightCollectionOnDesktop,DWord,1,TRUE,,
Prevent users from sharing files within their profile.,Enabled,Software\Microsoft\Windows\CurrentVersion\Policies\Explorer,NoInplaceSharing,DWord,1,TRUE,,
Always install with elevated privileges,Disabled,Software\Policies\Microsoft\Windows\Installer,AlwaysInstallElevated,DWord,0,TRUE,,
Prevent Codec Download,Enabled,Software\Policies\Microsoft\WindowsMediaPlayer,PreventCodecDownload,DWord,1,TRUE,,
Configure registry policy processing,Enabled: Process even if the Group Policy objects have not changed,Software\Policies\Microsoft\Windows\Group Policy\{35378EAC-683F-11D2-A89A-00C04FBBCFA2},NoGPOListChanges,DWord,0,TRUE,,
Enable Structured Exception Handling Overwrite Protection (SEHOP),Enabled,System\CurrentControlSet\Control\Session Manager\kernel,DisableExceptionChainValidation,DWord,0,TRUE,,SecGuide
Limits print driver installation to Administrators,Enabled,Software\Policies\Microsoft\Windows NT\Printers\PointAndPrint,RestrictDriverInstallationToAdministrators,DWord,1,TRUE,,SecGuide
NetBT NodeType configuration,Enabled: P-node,System\CurrentControlSet\Services\NetBT\Parameters,NodeType,DWord,2,TRUE,,SecGuide
"Remove ""Run as Different User"" from context menus",Enabled,Software\Classes\batfile\shell\runasuser,SuppressionPolicy,DWord,4096,TRUE,,
WDigest Authentication,Disabled,System\CurrentControlSet\Control\SecurityProviders\WDigest,UseLogonCredential,DWord,0,TRUE,,SecGuide
MSS: (AutoAdminLogon) Enable Automatic Logon (not recommended),Disabled,Software\Microsoft\Windows NT\CurrentVersion\Winlogon,AutoAdminLogon,String,0,TRUE,,MSS-legacy
MSS: (DisableIPSourceRouting IPv6) IP source routing protection level (protects against packet spoofing),"Enabled: Highest protection, source routing is completely disabled",System\CurrentControlSet\Services\Tcpip6\Parameters,DisableIPSourceRouting,DWord,2,TRUE,,MSS-legacy
MSS: (DisableIPSourceRouting) IP source routing protection level (protects against packet spoofing),"Enabled: Highest protection, source routing is completely disabled",System\CurrentControlSet\Services\Tcpip\Parameters,DisableIPSourceRouting,DWord,2,TRUE,,MSS-legacy
MSS: (DisableSavePassword) Prevent the dial-up password from being saved (recommended),Enabled,System\CurrentControlSet\Services\RasMan\Parameters,DisableSavePassword,DWord,1,TRUE,,MSS-legacy
MSS: (EnableICMPRedirect) Allow ICMP redirects to override OSPF generated routes,Disabled,System\CurrentControlSet\Services\Tcpip\Parameters,EnableICMPRedirect,DWord,0,TRUE,,MSS-legacy
MSS: (KeepAliveTime) How often keep-alive packets are sent in milliseconds,Enabled: 300000 or 5 minutes,System\CurrentControlSet\Services\Tcpip\Parameters,KeepAliveTime,DWord,300000,TRUE,,MSS-legacy
MSS: (NoNameReleaseOnDemand) Allow the computer to ignore NetBIOS name release requests except from WINS servers,Enabled,System\CurrentControlSet\Services\Netbt\Parameters,NoNameReleaseOnDemand,DWord,1,TRUE,,MSS-legacy
MSS: (PerformRouterDiscovery) Allow IRDP to detect and configure Default Gateway addresses (could lead to DoS),Disabled,System\CurrentControlSet\Services\Tcpip\Parameters,PerformRouterDiscovery,DWord,0,TRUE,,MSS-legacy
MSS: (SafeDllSearchMode) Enable Safe DLL search mode (recommended),Enabled,System\CurrentControlSet\Control\Session Manager\kernel,SafeDllSearchMode,DWord,1,TRUE,,MSS-legacy
MSS: (ScreenSaverGracePeriod) The time in seconds before the screen saver grace period expires (0 recommended),Enabled: 5 seconds,Software\Microsoft\Windows NT\CurrentVersion\Winlogon,ScreenSaverGracePeriod,DWord,5,TRUE,,MSS-legacy
MSS: (TcpMaxDataRetransmissions IPv6) How many times unacknowledged data is retransmitted,Enabled: 3,System\CurrentControlSet\Services\Tcpip6\Parameters,TcpMaxDataRetransmissions,DWord,3,TRUE,,MSS-legacy
MSS: (TcpMaxDataRetransmissions) How many times unacknowledged data is retransmitted,Enabled: 3,System\CurrentControlSet\Services\Tcpip\Parameters,TcpMaxDataRetransmissions,DWord,3,TRUE,,MSS-legacy
MSS: (WarningLevel) Percentage threshold for the security event log at which the system will generate a warning,Enabled: 90%,System\CurrentControlSet\Services\Eventlog\Security,WarningLevel,DWord,90,TRUE,,MSS-legacy
